ModelNumber;Timestamp;NumEpochs;ValAccuracy;NumParams;NumBytes;NumFiltersPerLayer;DenseLayerSize;LearningRate;DropoutRate;PoolingType;FilterSize;PaddingType;ActivationFunction;Regularization;OptimizationAlgorithm
1;2020-09-12 15:03:43;19;0.714062511920929;111370;1296; (32, 32, 32, 32); 32; 0.01; 0.05; max; 3; same; relu; l2; adam
2;2020-09-12 15:04:38;6;0.10000000149011612;111370;1296; (32, 32, 32, 32); 32; 0.01; 0.1; max; 3; same; relu; l2; adam
3;2020-09-12 15:07:18;18;0.7278125286102295;111370;1296; (32, 32, 32, 32); 32; 0.01; 0.2; max; 3; same; relu; l2; adam
4;2020-09-12 15:10:15;20;0.6663749814033508;111370;1296; (32, 32, 32, 32); 32; 0.01; 0.5; max; 3; same; relu; l2; adam
5;2020-09-12 15:14:31;29;0.8450624942779541;111370;1296; (32, 32, 32, 32); 32; 0.005; 0.05; max; 3; same; relu; l2; adam
6;2020-09-12 15:19:41;35;0.8466874957084656;111370;1296; (32, 32, 32, 32); 32; 0.005; 0.1; max; 3; same; relu; l2; adam
7;2020-09-12 15:23:50;28;0.8408125042915344;111370;1296; (32, 32, 32, 32); 32; 0.005; 0.2; max; 3; same; relu; l2; adam
8;2020-09-12 15:28:25;31;0.8131874799728394;111370;1296; (32, 32, 32, 32); 32; 0.005; 0.5; max; 3; same; relu; l2; adam
9;2020-09-12 15:32:00;24;0.8431875109672546;111370;1296; (32, 32, 32, 32); 32; 0.001; 0.05; max; 3; same; relu; l2; adam
10;2020-09-12 15:36:10;28;0.8499374985694885;111370;1296; (32, 32, 32, 32); 32; 0.001; 0.1; max; 3; same; relu; l2; adam
11;2020-09-12 15:40:19;28;0.8496875166893005;111370;1296; (32, 32, 32, 32); 32; 0.001; 0.2; max; 3; same; relu; l2; adam
12;2020-09-12 15:47:00;45;0.8532500267028809;111370;1296; (32, 32, 32, 32); 32; 0.001; 0.5; max; 3; same; relu; l2; adam
13;2020-09-12 15:51:22;29;0.8293750286102295;111370;1296; (32, 32, 32, 32); 32; 0.0005; 0.05; max; 3; same; relu; l2; adam
14;2020-09-12 15:56:20;33;0.8226249814033508;111370;1296; (32, 32, 32, 32); 32; 0.0005; 0.1; max; 3; same; relu; l2; adam
15;2020-09-12 16:02:12;39;0.8337500095367432;111370;1296; (32, 32, 32, 32); 32; 0.0005; 0.2; max; 3; same; relu; l2; adam
16;2020-09-12 16:09:42;50;0.835562527179718;111370;1296; (32, 32, 32, 32); 32; 0.0005; 0.5; max; 3; same; relu; l2; adam
17;2020-09-12 16:16:12;43;0.7724999785423279;111370;1296; (32, 32, 32, 32); 32; 0.0001; 0.05; max; 3; same; relu; l2; adam
18;2020-09-12 16:23:47;50;0.7631250023841858;111370;1296; (32, 32, 32, 32); 32; 0.0001; 0.1; max; 3; same; relu; l2; adam
19;2020-09-12 16:31:19;50;0.742562472820282;111370;1296; (32, 32, 32, 32); 32; 0.0001; 0.2; max; 3; same; relu; l2; adam
20;2020-09-12 16:38:51;50;0.6971250176429749;111370;1296; (32, 32, 32, 32); 32; 0.0001; 0.5; max; 3; same; relu; l2; adam
21;2020-09-12 16:40:12;10;0.6416249871253967;93962;1024; (32, 32, 32, 32); 32; 0.01; 0.05; max; 3; same; relu; l2; adam
22;2020-09-12 16:43:14;23;0.7068750262260437;93962;1024; (32, 32, 32, 32); 32; 0.01; 0.1; max; 3; same; relu; l2; adam
23;2020-09-12 16:45:37;18;0.7391250133514404;93962;1024; (32, 32, 32, 32); 32; 0.01; 0.2; max; 3; same; relu; l2; adam
24;2020-09-12 16:46:25;6;0.10000000149011612;93962;1024; (32, 32, 32, 32); 32; 0.01; 0.5; max; 3; same; relu; l2; adam
25;2020-09-12 16:48:00;12;0.8073124885559082;93962;1024; (32, 32, 32, 32); 32; 0.005; 0.05; max; 3; same; relu; l2; adam
26;2020-09-12 16:50:46;21;0.8253124952316284;93962;1024; (32, 32, 32, 32); 32; 0.005; 0.1; max; 3; same; relu; l2; adam
27;2020-09-12 16:54:51;31;0.8291249871253967;93962;1024; (32, 32, 32, 32); 32; 0.005; 0.2; max; 3; same; relu; l2; adam
28;2020-09-12 17:00:22;42;0.7909374833106995;93962;1024; (32, 32, 32, 32); 32; 0.005; 0.5; max; 3; same; relu; l2; adam
29;2020-09-12 17:03:33;24;0.825124979019165;93962;1024; (32, 32, 32, 32); 32; 0.001; 0.05; max; 3; same; relu; l2; adam
30;2020-09-12 17:07:38;31;0.8293125033378601;93962;1024; (32, 32, 32, 32); 32; 0.001; 0.1; max; 3; same; relu; l2; adam
31;2020-09-12 17:11:18;28;0.8320624828338623;93962;1024; (32, 32, 32, 32); 32; 0.001; 0.2; max; 3; same; relu; l2; adam
32;2020-09-12 17:16:21;38;0.8396875262260437;93962;1024; (32, 32, 32, 32); 32; 0.001; 0.5; max; 3; same; relu; l2; adam
33;2020-09-12 17:21:31;39;0.8098750114440918;93962;1024; (32, 32, 32, 32); 32; 0.0005; 0.05; max; 3; same; relu; l2; adam
34;2020-09-12 17:24:41;24;0.8098750114440918;93962;1024; (32, 32, 32, 32); 32; 0.0005; 0.1; max; 3; same; relu; l2; adam
35;2020-09-12 17:29:49;39;0.8138124942779541;93962;1024; (32, 32, 32, 32); 32; 0.0005; 0.2; max; 3; same; relu; l2; adam
36;2020-09-12 17:34:12;33;0.8100000023841858;93962;1024; (32, 32, 32, 32); 32; 0.0005; 0.5; max; 3; same; relu; l2; adam
37;2020-09-12 17:40:52;50;0.7561874985694885;93962;1024; (32, 32, 32, 32); 32; 0.0001; 0.05; max; 3; same; relu; l2; adam
38;2020-09-12 17:47:43;50;0.753000020980835;93962;1024; (32, 32, 32, 32); 32; 0.0001; 0.1; max; 3; same; relu; l2; adam
39;2020-09-12 17:54:28;50;0.7591249942779541;93962;1024; (32, 32, 32, 32); 32; 0.0001; 0.2; max; 3; same; relu; l2; adam
40;2020-09-12 18:01:06;50;0.6739374995231628;93962;1024; (32, 32, 32, 32); 32; 0.0001; 0.5; max; 3; same; relu; l2; adam
41;2020-09-12 18:06:09;41;0.7569375038146973;78602;784; (32, 32, 32, 32); 32; 0.01; 0.05; max; 3; same; relu; l2; adam
42;2020-09-12 18:09:42;29;0.7580000162124634;78602;784; (32, 32, 32, 32); 32; 0.01; 0.1; max; 3; same; relu; l2; adam
43;2020-09-12 18:11:26;14;0.6466875076293945;78602;784; (32, 32, 32, 32); 32; 0.01; 0.2; max; 3; same; relu; l2; adam
44;2020-09-12 18:13:03;13;0.5916249752044678;78602;784; (32, 32, 32, 32); 32; 0.01; 0.5; max; 3; same; relu; l2; adam
45;2020-09-12 18:15:17;18;0.8221874833106995;78602;784; (32, 32, 32, 32); 32; 0.005; 0.05; max; 3; same; relu; l2; adam
46;2020-09-12 18:18:08;23;0.8153749704360962;78602;784; (32, 32, 32, 32); 32; 0.005; 0.1; max; 3; same; relu; l2; adam
47;2020-09-12 18:21:57;31;0.8144375085830688;78602;784; (32, 32, 32, 32); 32; 0.005; 0.2; max; 3; same; relu; l2; adam
48;2020-09-12 18:27:33;46;0.7785624861717224;78602;784; (32, 32, 32, 32); 32; 0.005; 0.5; max; 3; same; relu; l2; adam
49;2020-09-12 18:30:27;24;0.8175625205039978;78602;784; (32, 32, 32, 32); 32; 0.001; 0.05; max; 3; same; relu; l2; adam
50;2020-09-12 18:34:12;31;0.8185625076293945;78602;784; (32, 32, 32, 32); 32; 0.001; 0.1; max; 3; same; relu; l2; adam
51;2020-09-12 18:37:58;31;0.8148750066757202;78602;784; (32, 32, 32, 32); 32; 0.001; 0.2; max; 3; same; relu; l2; adam
52;2020-09-12 18:44:02;50;0.8241249918937683;78602;784; (32, 32, 32, 32); 32; 0.001; 0.5; max; 3; same; relu; l2; adam
53;2020-09-12 18:47:36;29;0.8098750114440918;78602;784; (32, 32, 32, 32); 32; 0.0005; 0.05; max; 3; same; relu; l2; adam
54;2020-09-12 18:51:28;31;0.8090000152587891;78602;784; (32, 32, 32, 32); 32; 0.0005; 0.1; max; 3; same; relu; l2; adam
55;2020-09-12 18:55:46;35;0.8164374828338623;78602;784; (32, 32, 32, 32); 32; 0.0005; 0.2; max; 3; same; relu; l2; adam
56;2020-09-12 19:01:57;50;0.8055624961853027;78602;784; (32, 32, 32, 32); 32; 0.0005; 0.5; max; 3; same; relu; l2; adam
57;2020-09-12 19:08:09;50;0.7645624876022339;78602;784; (32, 32, 32, 32); 32; 0.0001; 0.05; max; 3; same; relu; l2; adam
58;2020-09-12 19:14:29;50;0.7571250200271606;78602;784; (32, 32, 32, 32); 32; 0.0001; 0.1; max; 3; same; relu; l2; adam
59;2020-09-12 19:20:46;50;0.7441874742507935;78602;784; (32, 32, 32, 32); 32; 0.0001; 0.2; max; 3; same; relu; l2; adam
60;2020-09-12 19:27:03;50;0.6571875214576721;78602;784; (32, 32, 32, 32); 32; 0.0001; 0.5; max; 3; same; relu; l2; adam
61;2020-09-12 19:29:36;21;0.6165000200271606;65290;576; (32, 32, 32, 32); 32; 0.01; 0.05; max; 3; same; relu; l2; adam
62;2020-09-12 19:32:25;23;0.6509374976158142;65290;576; (32, 32, 32, 32); 32; 0.01; 0.1; max; 3; same; relu; l2; adam
63;2020-09-12 19:33:08;6;0.10000000149011612;65290;576; (32, 32, 32, 32); 32; 0.01; 0.2; max; 3; same; relu; l2; adam
64;2020-09-12 19:34:42;13;0.6064375042915344;65290;576; (32, 32, 32, 32); 32; 0.01; 0.5; max; 3; same; relu; l2; adam
65;2020-09-12 19:37:43;25;0.8140624761581421;65290;576; (32, 32, 32, 32); 32; 0.005; 0.05; max; 3; same; relu; l2; adam
66;2020-09-12 19:40:24;22;0.8041250109672546;65290;576; (32, 32, 32, 32); 32; 0.005; 0.1; max; 3; same; relu; l2; adam
67;2020-09-12 19:44:07;31;0.809374988079071;65290;576; (32, 32, 32, 32); 32; 0.005; 0.2; max; 3; same; relu; l2; adam
68;2020-09-12 19:48:11;34;0.7352499961853027;65290;576; (32, 32, 32, 32); 32; 0.005; 0.5; max; 3; same; relu; l2; adam
69;2020-09-12 19:51:04;24;0.8116250038146973;65290;576; (32, 32, 32, 32); 32; 0.001; 0.05; max; 3; same; relu; l2; adam
70;2020-09-12 19:53:57;24;0.8076249957084656;65290;576; (32, 32, 32, 32); 32; 0.001; 0.1; max; 3; same; relu; l2; adam
71;2020-09-12 19:57:44;31;0.8088124990463257;65290;576; (32, 32, 32, 32); 32; 0.001; 0.2; max; 3; same; relu; l2; adam
72;2020-09-12 20:03:21;46;0.8174999952316284;65290;576; (32, 32, 32, 32); 32; 0.001; 0.5; max; 3; same; relu; l2; adam
73;2020-09-13 07:11:20;29;0.8046875;65290;576; (32, 32, 32, 32); 32; 0.0005; 0.05; max; 3; same; relu; l2; adam
74;2020-09-13 07:15:14;29;0.7955625057220459;65290;576; (32, 32, 32, 32); 32; 0.0005; 0.1; max; 3; same; relu; l2; adam
75;2020-09-13 07:19:56;35;0.8019375205039978;65290;576; (32, 32, 32, 32); 32; 0.0005; 0.2; max; 3; same; relu; l2; adam
76;2020-09-13 07:26:39;50;0.7995625138282776;65290;576; (32, 32, 32, 32); 32; 0.0005; 0.5; max; 3; same; relu; l2; adam
77;2020-09-13 07:33:27;50;0.7663750052452087;65290;576; (32, 32, 32, 32); 32; 0.0001; 0.05; max; 3; same; relu; l2; adam
78;2020-09-13 07:40:17;50;0.7508124709129333;65290;576; (32, 32, 32, 32); 32; 0.0001; 0.1; max; 3; same; relu; l2; adam
79;2020-09-13 07:47:05;50;0.7400000095367432;65290;576; (32, 32, 32, 32); 32; 0.0001; 0.2; max; 3; same; relu; l2; adam
80;2020-09-13 07:53:52;50;0.6702499985694885;65290;576; (32, 32, 32, 32); 32; 0.0001; 0.5; max; 3; same; relu; l2; adam
81;2020-09-13 07:56:22;22;0.7298750281333923;37642;144; (32, 32, 32, 32); 32; 0.01; 0.05; max; 3; same; relu; l2; adam
82;2020-09-13 07:59:47;30;0.7294999957084656;37642;144; (32, 32, 32, 32); 32; 0.01; 0.1; max; 3; same; relu; l2; adam
83;2020-09-13 08:00:29;6;0.10000000149011612;37642;144; (32, 32, 32, 32); 32; 0.01; 0.2; max; 3; same; relu; l2; adam
84;2020-09-13 08:02:04;14;0.5718749761581421;37642;144; (32, 32, 32, 32); 32; 0.01; 0.5; max; 3; same; relu; l2; adam
85;2020-09-13 08:04:41;23;0.7834374904632568;37642;144; (32, 32, 32, 32); 32; 0.005; 0.05; max; 3; same; relu; l2; adam
86;2020-09-13 08:09:55;47;0.7932500243186951;37642;144; (32, 32, 32, 32); 32; 0.005; 0.1; max; 3; same; relu; l2; adam
87;2020-09-13 08:12:12;20;0.7708749771118164;37642;144; (32, 32, 32, 32); 32; 0.005; 0.2; max; 3; same; relu; l2; adam
88;2020-09-13 08:14:49;23;0.7705625295639038;37642;144; (32, 32, 32, 32); 32; 0.005; 0.5; max; 3; same; relu; l2; adam
89;2020-09-13 08:17:48;27;0.7837499976158142;37642;144; (32, 32, 32, 32); 32; 0.001; 0.05; max; 3; same; relu; l2; adam
90;2020-09-13 08:20:00;20;0.7854999899864197;37642;144; (32, 32, 32, 32); 32; 0.001; 0.1; max; 3; same; relu; l2; adam
91;2020-09-13 08:23:28;31;0.7942500114440918;37642;144; (32, 32, 32, 32); 32; 0.001; 0.2; max; 3; same; relu; l2; adam
92;2020-09-13 08:26:56;31;0.7928749918937683;37642;144; (32, 32, 32, 32); 32; 0.001; 0.5; max; 3; same; relu; l2; adam
93;2020-09-13 08:30:26;31;0.7831875085830688;37642;144; (32, 32, 32, 32); 32; 0.0005; 0.05; max; 3; same; relu; l2; adam
94;2020-09-13 08:34:57;40;0.7794374823570251;37642;144; (32, 32, 32, 32); 32; 0.0005; 0.1; max; 3; same; relu; l2; adam
95;2020-09-13 08:40:31;50;0.7906249761581421;37642;144; (32, 32, 32, 32); 32; 0.0005; 0.2; max; 3; same; relu; l2; adam
96;2020-09-13 08:46:11;50;0.7862499952316284;37642;144; (32, 32, 32, 32); 32; 0.0005; 0.5; max; 3; same; relu; l2; adam
97;2020-09-13 08:51:52;50;0.7440000176429749;37642;144; (32, 32, 32, 32); 32; 0.0001; 0.05; max; 3; same; relu; l2; adam
98;2020-09-13 08:57:32;50;0.7421875;37642;144; (32, 32, 32, 32); 32; 0.0001; 0.1; max; 3; same; relu; l2; adam
99;2020-09-13 09:03:14;50;0.7131875157356262;37642;144; (32, 32, 32, 32); 32; 0.0001; 0.2; max; 3; same; relu; l2; adam
100;2020-09-13 09:08:54;50;0.6698125004768372;37642;144; (32, 32, 32, 32); 32; 0.0001; 0.5; max; 3; same; relu; l2; adam
101;2020-09-13 09:11:12;20;0.7194374799728394;44810;256; (32, 32, 32, 32); 32; 0.01; 0.05; max; 3; same; relu; l2; adam
102;2020-09-13 09:14:32;29;0.7291874885559082;44810;256; (32, 32, 32, 32); 32; 0.01; 0.1; max; 3; same; relu; l2; adam
103;2020-09-13 09:17:15;24;0.5878124833106995;44810;256; (32, 32, 32, 32); 32; 0.01; 0.2; max; 3; same; relu; l2; adam
104;2020-09-13 09:21:01;33;0.6287500262260437;44810;256; (32, 32, 32, 32); 32; 0.01; 0.5; max; 3; same; relu; l2; adam
105;2020-09-13 09:23:33;22;0.7875624895095825;44810;256; (32, 32, 32, 32); 32; 0.005; 0.05; max; 3; same; relu; l2; adam
106;2020-09-13 09:26:37;27;0.7905625104904175;44810;256; (32, 32, 32, 32); 32; 0.005; 0.1; max; 3; same; relu; l2; adam
107;2020-09-13 09:29:01;21;0.7876250147819519;44810;256; (32, 32, 32, 32); 32; 0.005; 0.2; max; 3; same; relu; l2; adam
108;2020-09-13 09:32:57;35;0.7841249704360962;44810;256; (32, 32, 32, 32); 32; 0.005; 0.5; max; 3; same; relu; l2; adam
109;2020-09-13 09:35:27;22;0.7914375066757202;44810;256; (32, 32, 32, 32); 32; 0.001; 0.05; max; 3; same; relu; l2; adam
110;2020-09-13 09:38:38;28;0.7940000295639038;44810;256; (32, 32, 32, 32); 32; 0.001; 0.1; max; 3; same; relu; l2; adam
111;2020-09-13 09:44:02;48;0.801562488079071;44810;256; (32, 32, 32, 32); 32; 0.001; 0.2; max; 3; same; relu; l2; adam
112;2020-09-13 09:47:59;35;0.7990000247955322;44810;256; (32, 32, 32, 32); 32; 0.001; 0.5; max; 3; same; relu; l2; adam
113;2020-09-13 09:52:35;41;0.7908750176429749;44810;256; (32, 32, 32, 32); 32; 0.0005; 0.05; max; 3; same; relu; l2; adam
114;2020-09-13 09:57:18;41;0.7905625104904175;44810;256; (32, 32, 32, 32); 32; 0.0005; 0.1; max; 3; same; relu; l2; adam
115;2020-09-13 10:02:55;49;0.792312502861023;44810;256; (32, 32, 32, 32); 32; 0.0005; 0.2; max; 3; same; relu; l2; adam
116;2020-09-13 10:08:37;50;0.7882500290870667;44810;256; (32, 32, 32, 32); 32; 0.0005; 0.5; max; 3; same; relu; l2; adam
117;2020-09-13 10:14:20;50;0.7478749752044678;44810;256; (32, 32, 32, 32); 32; 0.0001; 0.05; max; 3; same; relu; l2; adam
118;2020-09-13 10:20:02;50;0.7401875257492065;44810;256; (32, 32, 32, 32); 32; 0.0001; 0.1; max; 3; same; relu; l2; adam
119;2020-09-13 10:25:45;50;0.7196875214576721;44810;256; (32, 32, 32, 32); 32; 0.0001; 0.2; max; 3; same; relu; l2; adam
120;2020-09-13 10:31:25;50;0.6651250123977661;44810;256; (32, 32, 32, 32); 32; 0.0001; 0.5; max; 3; same; relu; l2; adam
121;2020-09-13 10:33:12;16;0.7236875295639038;37642;144; (32, 32, 32, 32); 32; 0.01; 0.05; max; 3; same; relu; l2; adam
122;2020-09-13 10:35:43;22;0.7431874871253967;37642;144; (32, 32, 32, 32); 32; 0.01; 0.1; max; 3; same; relu; l2; adam
123;2020-09-13 10:36:24;6;0.10000000149011612;37642;144; (32, 32, 32, 32); 32; 0.01; 0.2; max; 3; same; relu; l2; adam
124;2020-09-13 10:38:12;16;0.5618749856948853;37642;144; (32, 32, 32, 32); 32; 0.01; 0.5; max; 3; same; relu; l2; adam
125;2020-09-13 10:40:46;23;0.7940000295639038;37642;144; (32, 32, 32, 32); 32; 0.005; 0.05; max; 3; same; relu; l2; adam
126;2020-09-13 10:42:47;18;0.7743750214576721;37642;144; (32, 32, 32, 32); 32; 0.005; 0.1; max; 3; same; relu; l2; adam
127;2020-09-13 10:47:17;40;0.7921249866485596;37642;144; (32, 32, 32, 32); 32; 0.005; 0.2; max; 3; same; relu; l2; adam
128;2020-09-13 10:50:19;27;0.7703750133514404;37642;144; (32, 32, 32, 32); 32; 0.005; 0.5; max; 3; same; relu; l2; adam
129;2020-09-13 10:55:46;49;0.7904375195503235;37642;144; (32, 32, 32, 32); 32; 0.001; 0.05; max; 3; same; relu; l2; adam
130;2020-09-13 10:59:45;35;0.7906249761581421;37642;144; (32, 32, 32, 32); 32; 0.001; 0.1; max; 3; same; relu; l2; adam
131;2020-09-13 11:04:33;43;0.7964375019073486;37642;144; (32, 32, 32, 32); 32; 0.001; 0.2; max; 3; same; relu; l2; adam
132;2020-09-13 11:08:03;31;0.7952499985694885;37642;144; (32, 32, 32, 32); 32; 0.001; 0.5; max; 3; same; relu; l2; adam
133;2020-09-13 11:11:57;35;0.7801874876022339;37642;144; (32, 32, 32, 32); 32; 0.0005; 0.05; max; 3; same; relu; l2; adam
134;2020-09-13 11:15:37;32;0.7788749933242798;37642;144; (32, 32, 32, 32); 32; 0.0005; 0.1; max; 3; same; relu; l2; adam
135;2020-09-13 11:21:00;49;0.785937488079071;37642;144; (32, 32, 32, 32); 32; 0.0005; 0.2; max; 3; same; relu; l2; adam
136;2020-09-13 11:26:26;50;0.7844374775886536;37642;144; (32, 32, 32, 32); 32; 0.0005; 0.5; max; 3; same; relu; l2; adam
137;2020-09-13 11:31:55;50;0.7440000176429749;37642;144; (32, 32, 32, 32); 32; 0.0001; 0.05; max; 3; same; relu; l2; adam
138;2020-09-13 11:37:21;50;0.7338125109672546;37642;144; (32, 32, 32, 32); 32; 0.0001; 0.1; max; 3; same; relu; l2; adam
139;2020-09-13 11:42:55;50;0.7262499928474426;37642;144; (32, 32, 32, 32); 32; 0.0001; 0.2; max; 3; same; relu; l2; adam
140;2020-09-13 11:48:26;50;0.6770625114440918;37642;144; (32, 32, 32, 32); 32; 0.0001; 0.5; max; 3; same; relu; l2; adam
141;2020-09-13 12:14:22;22;0.7433124780654907;32522;64; (32, 32, 32, 32); 32; 0.01; 0.05; max; 3; same; relu; l2; adam
142;2020-09-13 12:16:49;22;0.7651875019073486;32522;64; (32, 32, 32, 32); 32; 0.01; 0.1; max; 3; same; relu; l2; adam
143;2020-09-13 12:18:15;13;0.7554374933242798;32522;64; (32, 32, 32, 32); 32; 0.01; 0.2; max; 3; same; relu; l2; adam
144;2020-09-13 12:19:47;14;0.6771875023841858;32522;64; (32, 32, 32, 32); 32; 0.01; 0.5; max; 3; same; relu; l2; adam
145;2020-09-13 12:22:33;25;0.7898749709129333;32522;64; (32, 32, 32, 32); 32; 0.005; 0.05; max; 3; same; relu; l2; adam
146;2020-09-13 12:25:17;25;0.7888749837875366;32522;64; (32, 32, 32, 32); 32; 0.005; 0.1; max; 3; same; relu; l2; adam
147;2020-09-13 12:27:37;21;0.7840625047683716;32522;64; (32, 32, 32, 32); 32; 0.005; 0.2; max; 3; same; relu; l2; adam
148;2020-09-13 12:29:57;21;0.7862499952316284;32522;64; (32, 32, 32, 32); 32; 0.005; 0.5; max; 3; same; relu; l2; adam
149;2020-09-13 12:31:51;17;0.7789999842643738;32522;64; (32, 32, 32, 32); 32; 0.001; 0.05; max; 3; same; relu; l2; adam
150;2020-09-13 12:36:18;40;0.7880625128746033;32522;64; (32, 32, 32, 32); 32; 0.001; 0.1; max; 3; same; relu; l2; adam
151;2020-09-13 12:39:05;25;0.785937488079071;32522;64; (32, 32, 32, 32); 32; 0.001; 0.2; max; 3; same; relu; l2; adam
152;2020-09-13 12:44:28;49;0.7918750047683716;32522;64; (32, 32, 32, 32); 32; 0.001; 0.5; max; 3; same; relu; l2; adam
153;2020-09-13 12:48:39;38;0.7802500128746033;32522;64; (32, 32, 32, 32); 32; 0.0005; 0.05; max; 3; same; relu; l2; adam
154;2020-09-13 12:53:27;43;0.7860000133514404;32522;64; (32, 32, 32, 32); 32; 0.0005; 0.1; max; 3; same; relu; l2; adam
155;2020-09-13 12:58:53;49;0.7851250171661377;32522;64; (32, 32, 32, 32); 32; 0.0005; 0.2; max; 3; same; relu; l2; adam
156;2020-09-13 13:04:25;50;0.7841249704360962;32522;64; (32, 32, 32, 32); 32; 0.0005; 0.5; max; 3; same; relu; l2; adam
157;2020-09-13 13:09:59;50;0.7369375228881836;32522;64; (32, 32, 32, 32); 32; 0.0001; 0.05; max; 3; same; relu; l2; adam
158;2020-09-13 13:15:35;50;0.7408750057220459;32522;64; (32, 32, 32, 32); 32; 0.0001; 0.1; max; 3; same; relu; l2; adam
159;2020-09-13 13:21:11;50;0.7239999771118164;32522;64; (32, 32, 32, 32); 32; 0.0001; 0.2; max; 3; same; relu; l2; adam
160;2020-09-13 13:26:44;50;0.7081249952316284;32522;64; (32, 32, 32, 32); 32; 0.0001; 0.5; max; 3; same; relu; l2; adam
161;2020-09-13 13:29:19;23;0.7458750009536743;29450;16; (32, 32, 32, 32); 32; 0.01; 0.05; max; 3; same; relu; l2; adam
162;2020-09-13 13:31:05;16;0.734000027179718;29450;16; (32, 32, 32, 32); 32; 0.01; 0.1; max; 3; same; relu; l2; adam
163;2020-09-13 13:33:25;21;0.7315624952316284;29450;16; (32, 32, 32, 32); 32; 0.01; 0.2; max; 3; same; relu; l2; adam
164;2020-09-13 13:35:46;21;0.7168124914169312;29450;16; (32, 32, 32, 32); 32; 0.01; 0.5; max; 3; same; relu; l2; adam
165;2020-09-13 13:39:07;30;0.7620624899864197;29450;16; (32, 32, 32, 32); 32; 0.005; 0.05; max; 3; same; relu; l2; adam
166;2020-09-13 13:41:46;24;0.7587500214576721;29450;16; (32, 32, 32, 32); 32; 0.005; 0.1; max; 3; same; relu; l2; adam
167;2020-09-13 13:43:48;18;0.7516250014305115;29450;16; (32, 32, 32, 32); 32; 0.005; 0.2; max; 3; same; relu; l2; adam
168;2020-09-13 13:46:34;25;0.7507500052452087;29450;16; (32, 32, 32, 32); 32; 0.005; 0.5; max; 3; same; relu; l2; adam
169;2020-09-13 13:49:14;24;0.7580000162124634;29450;16; (32, 32, 32, 32); 32; 0.001; 0.05; max; 3; same; relu; l2; adam
170;2020-09-13 13:53:44;40;0.7684375047683716;29450;16; (32, 32, 32, 32); 32; 0.001; 0.1; max; 3; same; relu; l2; adam
171;2020-09-13 13:57:59;38;0.7663124799728394;29450;16; (32, 32, 32, 32); 32; 0.001; 0.2; max; 3; same; relu; l2; adam
172;2020-09-13 14:02:28;40;0.7597500085830688;29450;16; (32, 32, 32, 32); 32; 0.001; 0.5; max; 3; same; relu; l2; adam
173;2020-09-13 14:07:01;41;0.7641249895095825;29450;16; (32, 32, 32, 32); 32; 0.0005; 0.05; max; 3; same; relu; l2; adam
174;2020-09-13 14:12:32;50;0.7630624771118164;29450;16; (32, 32, 32, 32); 32; 0.0005; 0.1; max; 3; same; relu; l2; adam
175;2020-09-13 14:16:53;39;0.7565000057220459;29450;16; (32, 32, 32, 32); 32; 0.0005; 0.2; max; 3; same; relu; l2; adam
176;2020-09-13 14:22:27;50;0.7495625019073486;29450;16; (32, 32, 32, 32); 32; 0.0005; 0.5; max; 3; same; relu; l2; adam
177;2020-09-13 14:28:03;50;0.7176874876022339;29450;16; (32, 32, 32, 32); 32; 0.0001; 0.05; max; 3; same; relu; l2; adam
178;2020-09-13 14:33:40;50;0.7213125228881836;29450;16; (32, 32, 32, 32); 32; 0.0001; 0.1; max; 3; same; relu; l2; adam
179;2020-09-13 14:39:16;50;0.7156875133514404;29450;16; (32, 32, 32, 32); 32; 0.0001; 0.2; max; 3; same; relu; l2; adam
180;2020-09-13 14:44:50;50;0.6943125128746033;29450;16; (32, 32, 32, 32); 32; 0.0001; 0.5; max; 3; same; relu; l2; adam
181;2020-09-14 07:21:42;16;0.6924375295639038;54026;400; (32, 32, 32, 32); 32; 0.01; 0.05; max; 3; same; relu; l2; adam
182;2020-09-14 07:24:58;28;0.7311875224113464;54026;400; (32, 32, 32, 32); 32; 0.01; 0.1; max; 3; same; relu; l2; adam
183;2020-09-14 07:27:50;25;0.7262499928474426;54026;400; (32, 32, 32, 32); 32; 0.01; 0.2; max; 3; same; relu; l2; adam
184;2020-09-14 07:29:02;10;0.5995625257492065;54026;400; (32, 32, 32, 32); 32; 0.01; 0.5; max; 3; same; relu; l2; adam
185;2020-09-14 07:31:48;24;0.7861875295639038;54026;400; (32, 32, 32, 32); 32; 0.005; 0.05; max; 3; same; relu; l2; adam
186;2020-09-14 07:34:38;24;0.8071874976158142;54026;400; (32, 32, 32, 32); 32; 0.005; 0.1; max; 3; same; relu; l2; adam
187;2020-09-14 07:37:33;25;0.7994999885559082;54026;400; (32, 32, 32, 32); 32; 0.005; 0.2; max; 3; same; relu; l2; adam
188;2020-09-14 07:42:46;45;0.7382500171661377;54026;400; (32, 32, 32, 32); 32; 0.005; 0.5; max; 3; same; relu; l2; adam
189;2020-09-14 07:45:40;25;0.8081250190734863;54026;400; (32, 32, 32, 32); 32; 0.001; 0.05; max; 3; same; relu; l2; adam
190;2020-09-14 07:48:07;21;0.7966874837875366;54026;400; (32, 32, 32, 32); 32; 0.001; 0.1; max; 3; same; relu; l2; adam
191;2020-09-14 07:52:44;40;0.8123124837875366;54026;400; (32, 32, 32, 32); 32; 0.001; 0.2; max; 3; same; relu; l2; adam
192;2020-09-14 07:57:10;38;0.804437518119812;54026;400; (32, 32, 32, 32); 32; 0.001; 0.5; max; 3; same; relu; l2; adam
193;2020-09-14 08:00:05;25;0.7928125262260437;54026;400; (32, 32, 32, 32); 32; 0.0005; 0.05; max; 3; same; relu; l2; adam
194;2020-09-14 08:04:51;41;0.7950000166893005;54026;400; (32, 32, 32, 32); 32; 0.0005; 0.1; max; 3; same; relu; l2; adam
195;2020-09-14 08:10:42;50;0.7974374890327454;54026;400; (32, 32, 32, 32); 32; 0.0005; 0.2; max; 3; same; relu; l2; adam
196;2020-09-14 08:15:27;41;0.792062520980835;54026;400; (32, 32, 32, 32); 32; 0.0005; 0.5; max; 3; same; relu; l2; adam
197;2020-09-14 08:21:15;50;0.7547500133514404;54026;400; (32, 32, 32, 32); 32; 0.0001; 0.05; max; 3; same; relu; l2; adam
198;2020-09-14 08:27:04;50;0.7519375085830688;54026;400; (32, 32, 32, 32); 32; 0.0001; 0.1; max; 3; same; relu; l2; adam
199;2020-09-14 08:32:49;50;0.7278749942779541;54026;400; (32, 32, 32, 32); 32; 0.0001; 0.2; max; 3; same; relu; l2; adam
200;2020-09-14 08:38:37;50;0.6659374833106995;54026;400; (32, 32, 32, 32); 32; 0.0001; 0.5; max; 3; same; relu; l2; adam
